[
  { "name": "삼성전자", "code": "005930" },
  { "name": "LG에너지솔루션", "code": "373220" },
  { "name": "SK하이닉스", "code": "000660" },
  { "name": "삼성바이오로직스", "code": "207940" },
  { "name": "삼성전자우", "code": "005935" },
  { "name": "POSCO홀딩스", "code": "005490" },
  { "name": "현대차", "code": "005380" },
  { "name": "LG화학", "code": "051910" },
  { "name": "NAVER", "code": "035420" },
  { "name": "기아", "code": "000270" },
  { "name": "삼성SDI", "code": "006400" },
  { "name": "셀트리온", "code": "068270" },
  { "name": "포스코퓨처엠", "code": "003670" },
  { "name": "카카오", "code": "035720" },
  { "name": "KB금융", "code": "105560" },
  { "name": "삼성물산", "code": "028260" },
  { "name": "현대모비스", "code": "012330" },
  { "name": "신한지주", "code": "055550" },
  { "name": "LG전자", "code": "066570" },
  { "name": "SK이노베이션", "code": "096770" },
  { "name": "삼성생명", "code": "032830" },
  { "name": "LG", "code": "003550" },
  { "name": "카카오뱅크", "code": "323410" },
  { "name": "KT&G", "code": "033780" },
  { "name": "하나금융지주", "code": "086790" },
  { "name": "삼성화재", "code": "000810" },
  { "name": "SK", "code": "034730" },
  { "name": "한국전력", "code": "015760" },
  { "name": "메리츠금융지주", "code": "138040" },
  { "name": "SK텔레콤", "code": "017670" },
  { "name": "삼성에스디에스", "code": "018260" },
  { "name": "HMM", "code": "011200" },
  { "name": "HD현대중공업", "code": "329180" },
  { "name": "고려아연", "code": "010130" },
  { "name": "삼성전기", "code": "009150" },
  { "name": "포스코인터내셔널", "code": "047050" },
  { "name": "크래프톤", "code": "259960" },
  { "name": "우리금융지주", "code": "316140" },
  { "name": "두산에너빌리티", "code": "034020" },
  { "name": "기업은행", "code": "024110" },
  { "name": "에코프로비엠", "code": "247540" },
  { "name": "에코프로", "code": "086520" },
  { "name": "셀트리온헬스케어", "code": "091990" },
  { "name": "포스코DX", "code": "022100" },
  { "name": "엘앤에프", "code": "066970" },
  { "name": "HLB", "code": "028300" },
  { "name": "알테오젠", "code": "196170" },
  { "name": "셀트리온제약", "code": "068760" },
  { "name": "JYP Ent.", "code": "035900" },
  { "name": "레인보우로보틱스", "code": "277810" },
  { "name": "HPSP", "code": "403870" },
  { "name": "리노공업", "code": "058470" },
  { "name": "펄어비스", "code": "263750" },
  { "name": "클래시스", "code": "214150" },
  { "name": "카카오게임즈", "code": "293490" },
  { "name": "솔브레인", "code": "357780" },
  { "name": "에스엠", "code": "041510" },
  { "name": "이오테크닉스", "code": "039030" },
  { "name": "휴젤", "code": "145020" },
  { "name": "동진쎄미켐", "code": "005290" },
  { "name": "ISC", "code": "095340" },
  { "name": "위메이드", "code": "112040" },
  { "name": "원익IPS", "code": "240810" },
  { "name": "주성엔지니어링", "code": "036930" },
  { "name": "스튜디오드래곤", "code": "253450" },
  { "name": "CJ ENM", "code": "035760" },
  { "name": "삼천당제약", "code": "000250" },
  { "name": "메디톡스", "code": "086900" },
  { "name": "나노신소재", "code": "121600" },
  { "name": "케어젠", "code": "214370" },
  { "name": "하나마이크론", "code": "067310" },
  { "name": "더블유씨피", "code": "393890" },
  { "name": "동화기업", "code": "025900" },
  { "name": "파라다이스", "code": "034230" },
  { "name": "에스티팜", "code": "237690" },
  { "name": "대주전자재료", "code": "078600" },
  { "name": "현대바이오", "code": "048410" },
  { "name": "레고켐바이오", "code": "141080" },
  { "name": "성일하이텍", "code": "365340" },
  { "name": "HK이노엔", "code": "195940" }
]
